Meme: justin pixando os muros da 23 de maio e o doria indo la apagar putao,
"RT @EricAmaral10: Doria usa carro-forte para divulgar sorteio mensal de R$ 1 milhao

Projeto vai premiar um consumidor por mes em SP
https:",
Gostei de um video @YouTube https://t.co/PeGofLEoBX e Doria juntos tentando compreender Ciro Gomes,
pais que terminam o telefonema com uma citacao do Doria,
"RT @yurisantanna10: O demagogo do Doria, posando de bondoso, os governantes tem obrigacao de desenvolver politicas de geracao de renda e em",
"RT @matuzasurf: O Jaspion do MBL,patrocinado pelo PSDB,ja oficializou apoio a possivel candidatura de Joao Doria para presidente.Sou + #Bol",
"Vai ser divertido ver uma eleicao com Lula, Ciro, Bolonaro, Doria, Marina, Cristovao Buarque, Ronaldo Caiado e Luciana Genro. rsrs",
@indinhona faz exame em SP o Doria ta dando um banho :D,
@madeindreams chegar nos grupinhos de joao doria lovers e gritar E GOOOOOLPE,
"RT @claudiotognolli: Bomba no @YahooBr : Cupula do PSDB decide: Doria para presidente, ACM Neto para vice: Alckmin nem foi avisado...https:",
gente e essa noite que sonhei que era o doria foi horrivel........,
"@Ilisp_org politicos mas estao molhadas pelo Doria me respondam qual a medida  de voces para evitar uma invasao de ""refugiados"" no Brasil?",
@claudiotognolli @YahooBr Eu acho cedo para o Doria. Vai se queimar a toa.,
"RT @radaronline: Doria usa carro-forte para divulgar sorteio mensal de R$ 1 milhao
 https://t.co/ajfAtYRpYj https://t.co/y82OSWRB8y",
RT @Itspedrito: sou um amigo tao bom as vezes queria ser meu amigo,
"RT @claudiotognolli: Bomba no @YahooBr : Cupula do PSDB decide: Doria para presidente, ACM Neto para vice: Alckmin nem foi avisado...https:",
"O segredo da minha disposicao e que gosto do que faco, amo a nossa cidade e tenho... https://t.co/E74ZXs2Gzu by https://t.co/9xKuZcEC2Q",
"Welcome a era Doria! Multa q acabou de chegar em casa diz ""Dirigir s/atencao ou s/ os cuidados indispensaveis a seguranca"" - q porra e essa?",
"RT @Doria_2018: O trabalho de Doria se resume a duas palavras, capacidade e vontade algo que o atual setor politico nao tem!

#AceleraSP #J",
"RT @Doria_2018: O trabalho de Doria se resume a duas palavras, capacidade e vontade algo que o atual setor politico nao tem!

#AceleraSP #J",
@RADFRANCISCO @66Viga @neusamandrade @jwbranda @SakaSakamori @aeciofaraujo @EdGaarcia @dorisvan_doria @ozerinho com certeza ,
"RT @jdoriajr: O segredo da minha disposicao e que gosto do que faco, amo a nossa cidade e tenho um compromisso com a populacao. https://t.c",
"To acompanhando o que o Doria anda fazendo em sp, e porra, se for candidato a presidencia ja tem meu voto, show de bola",
"Acho o Joao Doria o melhor quadro politico do PSDB, atualmente. Mas nao concordo com sua visao da politica e seu projeto de cidade.",
"ultimamente nois ta trabalhando mais do que Joao Doria, nao ta facil viu",
RT @New_Delia: @jrdoriajr cortara leite pra marmanjo. Boa! https://t.co/KO20qZbepX,
@jdoriajr para Doria,
"RT @gusthpa: Ciro na USP: ""Doria ganhou do meu amigo Haddad porque ele e bonzinho. Se fosse comigo eu teria reduzido ele a po""

#UFCSP #UFC",
"RT @jdoriajr: O segredo da minha disposicao e que gosto do que faco, amo a nossa cidade e tenho um compromisso com a populacao. https://t.c",
doria vai comer teu cu https://t.co/YE4A6dpHTX,
"RT @claudiotognolli: Bomba no @YahooBr : Cupula do PSDB decide: Doria para presidente, ACM Neto para vice: Alckmin nem foi avisado...https:",
"RT @claudiotognolli: Bomba no @YahooBr : Cupula do PSDB decide: Doria para presidente, ACM Neto para vice: Alckmin nem foi avisado...https:",
@OMundrongo E vem falar de Doria? ??? Descarado!,
@Doria_2018 @Radar_Politico_ para Doria,
"RT @implicante_org: Haddad disse que devolveu as contas em dia, mas a gestao Doria achou rombo de R$ 7,5 bilhoes https://t.co/bP4xW63zIl ht",
Joao Doria contratara moradores de rua para serem sorveteiros em parque... https://t.co/x1Bo3RbECJ,
Doria estudou em escola publica e chorou ao ver prontuario (veja o video) via https://t.co/GeOVrk8c2V,
@hectorliima1909 so resta saber se o doria vai se candidatar,
"Tenho que admitir uma coisa Joao Doria esta arrasando e calando minha boca, viu? Comecei admira-lo. ",
"@greniofbpa exato. Unico q eu votaria com 100% de ctz e o Doria, de resto eu ficaria APAVORADO",
"RT @jdoriajr: O segredo da minha disposicao e que gosto do que faco, amo a nossa cidade e tenho um compromisso com a populacao. https://t.c",
"Assina e carimba, Joao Doria Jr https://t.co/Tghk5ZM3oi",
"RT @ToujoursTRI: Engracado ver moro falar de politica e propaganda partidaria... vamos fingir q nao o vimos rindo com Doria, Aecio et cia...",
Doria vem ai. https://t.co/RCsZ75Zn2I,
"@chicoungunha chico, coloca a dancinha de mina com o armero!",
"@greniofbpa Bolsonaro nao chega no segundo turno se o doria for. Dizem que vai o Alckmin, q perde pro Lula, tamo fodido e nao e pouco",
"Votei no Haddad e apesar dos apesares nao tenho muito o que reclamar do Doria, ele tem suas falhas mas pra mim ele ta dando um help",
"RT @jdoriajr: O segredo da minha disposicao e que gosto do que faco, amo a nossa cidade e tenho um compromisso com a populacao. https://t.c",
Nota Mil para o Prefeito Joao Doria. https://t.co/yzfipUXwvM,
"@hectorliima1909 se ele for com bolsonaro vai ser uma surra eu acho, se for com o doria talvez seja mais disputado",
"RT @ToujoursTRI: Engracado ver moro falar de politica e propaganda partidaria... vamos fingir q nao o vimos rindo com Doria, Aecio et cia...",
'Energia: bandeira vermelha desmente ministro' via @DiariodoPoder - https://t.co/UaD2QJ0ySM,
parei numa live na outra rede com Ciro falando sobre Doria. mandou um SABE O QUE ELE E? E UM ALCKMIN FALANTE,
'Presidente da Ancine viajou metade do mandato' via @DiariodoPoder - https://t.co/yqcRZKPITf,
"RT @implicante_org: Mesmo apos medidas de Joao Doria, media de mortes no transito em Sao Paulo sofreu leve queda https://t.co/d5xaTuX764 ht",
"Gostei de um video @YouTube de @brasiliaconnect https://t.co/kuJMvNt8cn Diretora de Escola Recebe Nota 6,5 de Doria em Visita e Pede",
RT @Ilisp_org: Doria confirma parceria com iniciativa privada para cuidar de animais derua https://t.co/KUi2sUjv3R https://t.co/5iSdxnZEzb,
"RT @PankaCompany: Retweeted Palmerio Doria (@palmeriodoria):

""A tradicao dos oprimidos nos ensina que o estado de excecao em que... https:",
Daqui ha pouco o Doria nao vai querer mais esse vagabundo tocando em Sampa... https://t.co/LSq8D94XYn,
"RT @PankaCompany: Retweeted Palmerio Doria (@palmeriodoria):

""A tradicao dos oprimidos nos ensina que o estado de excecao em que... https:",
