"('nath2214', 'JJ')","('antigamente', 'NN')","('setor', 'NN')","('sobrava', 'NN')","('biscoito', 'NN')","('bala', 'NN')","('refri', 'NN')","('etc', 'FW')","('agora', 'JJ')","('jhon', 'NN')","('veio', 'NN')","('pra', 'NN')","('nao', 'JJ')","('sobra', 'NN')","('nada', 'NN')","('fominha', 'NN')","('bmg', 'NN')"
"('barulho', 'NN')","('irritante', 'NN')"
"('respira', 'NN')","('fazer', 'NN')","('barulho', 'NN')"
"('respira', 'NN')","('direito', 'NN')"
"('boateng', 'NN')","('gtgt', 'NN')","('ramos', 'NN')"
"('zeirobolado', 'NN')","('anunciou', 'NN')","('busca', 'NN')","('camisa', 'NN')","('bmg', 'NN')","('tras', 'NNS')","('trata', 'VBP')","('atleta', 'JJ')","('celeste', 'NN')","('bom', 'NN')","('aguardar', 'NN')"
"('figueirense', 'NN')","('bmg', 'NN')","('alliance', 'NN')","('socios', 'NNS')","('galo', 'VBP')","('clayton', 'NN')","('anos', 'NNS')"
"('quero', 'NN')","('selca', 'NN')","('ano', 'NN')","('passado', 'NN')"
"('gostei', 'NN')","('video', 'NN')","('youtube', 'NN')"
"('antigamente', 'JJ')","('setor', 'NN')","('sobrava', 'NN')","('biscoito', 'NN')","('bala', 'NN')","('refri', 'NN')","('etc', 'FW')","('agora', 'JJ')","('jhon', 'NN')","('veio', 'NN')","('pra', 'NN')","('nao', 'JJ')","('sobra', 'NN')","('nada', 'NN')","('fominha', 'NN')","('bmg', 'NN')"
"('gostar', 'NN')","('bastante', 'NN')","('infinito', 'NN')"
"('jsaless', 'NN')","('aaaaaaah', 'NN')","('assim', 'NN')","('choro', 'NN')"
"('obetoguerra', 'JJ')","('beto', 'NN')","('nao', 'NN')","('papo', 'NN')","('presidente', 'NN')","('bmgou', 'NN')","('algo', 'NN')","('tipo', 'NN')","('dar', 'NN')","('presente', 'JJ')","('pro', 'FW')","('galo', 'NN')"
"('tudo', 'NN')","('bom', 'NN')"
"('senta', 'NN')","('pau', 'NN')","('quebrada', 'NN')"
"('estruturas', 'NNS')","('alguem', 'VBP')","('ajuda', 'JJ')","('ajud', 'NN')"
"('tudo', 'NN')","('bem', 'NN')","('juro', 'NN')"
"('puta', 'NN')","('merda', 'NN')","('falecida', 'NN')"
"('galosempre1010', 'NN')","('alvesmarcus', 'NN')","('bmg', 'NN')","('kalil', 'VB')","('flw', 'JJ')","('time', 'NN')","('borrou', 'NN')","('calca', 'NN')","('rebaixamento', 'NN')","('cruzeiro', 'NN')","('ser', 'NN')","('maior', 'JJ')","('feito', 'NN')","('galo', 'NN')","('timinho', 'NN')"
"('falando', 'NN')","('serio', 'NN')","('agora', 'IN')","('consigo', 'NN')","('ver', 'NN')","('palmeiras', 'FW')","('bancando', 'NN')","('poderia', 'NN')","('pedir', 'NN')","('entao', 'NN')","('botar', 'NN')","('bmg', 'NN')","('pra', 'NN')","('levalo', 'JJ')","('pro', 'JJ')","('atletico', 'NN')"
"('bmg', 'NN')","('prometeu', 'NN')","('reforco', 'NN')","('pra', 'NN')","('gente', 'NN')","('vai', 'NN')","('filha', 'NN')","('bmg', 'NN')"
"('savnt8', 'NN')","('yuricl', 'NN')","('dannepomuceno', 'NN')","('crefisa', 'NN')","('amor', 'NN')","('bmg', 'NN')"
"('paulinhoheavy', 'JJ')","('acho', 'NN')","('melhor', 'NN')","('possuirmos', 'NN')","('varios', 'NNS')","('patrocinadores', 'VBZ')","('pois', 'JJ')","('sair', 'NN')","('nao', 'JJ')","('ficamos', 'NN')","('mingua', 'NN')","('bmg', 'NN')"
"('pgabrielj', 'NN')","('alvesmarcus', 'NN')","('borrou', 'VBD')","('final', 'JJ')","('copa', 'NN')","('brasil', 'NN')","('6x1', 'CD')","('valia', 'JJ')","('pro', 'JJ')","('cruzeiro', 'NN')","('pro', 'JJ')","('galo', 'FW')","('pro', 'FW')","('bmg', 'FW')"
"('tedio', 'NN')"
"('odeio', 'NN')","('tbm', 'NN')"
"('quero', 'NN')","('matar', 'NN')","('amo', 'NN')","('mto', 'NN')"
"('prosario', 'NN')","('nao', 'CC')","('acho', 'JJ')","('lembra', 'NN')","('bmg', 'NN')","('logo', 'NN')","('vermelha', 'FW')","('pena', 'NN')","('teste', 'NN')","('copinha', 'NN')","('linda', 'NN')","('qualquer', 'NN')","('jeito', 'NN')"
"('lauannyb', 'NN')","('realmente', 'NN')","('mto', 'NN')","('feliz', 'NN')","('concordo', 'NN')","('devemos', 'NN')","('comemorar', 'NN')","('mto', 'NN')","('enquanto', 'IN')","('bebe', 'NN')","('assisto', 'NN')"
"('confiar', 'NN')","('escuta', 'NN')","('funkzin', 'NN')","('ideia', 'NN')","('kakakakak', 'NN')"
"('lauannyb', 'NN')","('aee', 'NN')","('vai', 'NN')","('administrar', 'NN')","('bagas', 'NN')","('direitinho', 'NN')","('agora', 'NN')","('kkk', 'NN')"
"('amaralrj', 'NN')","('nesse', 'CC')","('caso', 'NN')","('orientamos', 'VBP')","('esposa', 'NN')","('contato', 'JJ')","('central', 'JJ')","('itau', 'NN')","('bmg', 'NN')","('telefone', 'NN')"
"('amaralrj', 'NN')","('voce', 'NN')","('refere', 'RB')","('emprestimo', 'JJ')","('consignado', 'NN')","('bmg', 'NN')"
"('ira', 'JJ')","('part', 'NN')"
"('dia', 'NN')","('mau', 'NN')","('comecou', 'NN')","('tomou', 'NN')","('dibre', 'NN')","('diadobruxor10', 'NN')"
"('espero', 'NN')","('faca', 'NN')","('bom', 'NN')","('trabalho', 'NN')","('deus', 'NN')","('abencoe', 'NN')","('cancer', 'NN')","('vascodagama', 'NN')","('eurico', 'VBZ')","('desapareca', 'NN')"
"('guivieira96', 'NN')","('queria', 'NNS')","('entender', 'VBP')","('eventinhos', 'JJ')","('massas', 'NN')","('amigos', 'NNS')","('nunca', 'JJ')","('tiramos', 'JJ')","('foto', 'NN')","('kkkkkkkkkkkkkkkkkkkkk', 'NN')"
"('lullabbey', 'NN')","('avrillavigne', 'NN')","('bmgus', 'NN')","('morta', 'NN')","('afrontoso', 'NN')"
"('miyounglovestep', 'NN')","('tiffany', 'NN')","('vai', 'NN')","('sair', 'NN')","('porao', 'NN')","('bencao', 'NN')"
"('leylah16', 'JJ')","('miguelitamarsil', 'NN')","('rosangelabolze', 'NN')","('ainda', 'NN')","('coisinha', 'NN')","('ninguem', 'JJ')","('falou', 'NN')","('emprestimo', 'NN')","('consignado', 'NN')","('cedido', 'NN')","('exclusiv', 'NN')","('bmg', 'NN')"
"('hyoyeon', 'NN')","('mto', 'NN')","('linda', 'NN')","('deus', 'NN')","('amo', 'NN')","('hyoyeon', 'NN')","('amo', 'NN')","('amor', 'NN')"
"('emcom', 'NN')","('volta', 'NN')","('bmg', 'NN')","('galao', 'NN')"
"('mymotoredheart', 'NN')","('cara', 'NN')","('feita', 'JJ')","('especialmente', 'NN')","('pra', 'NN')","('estampar', 'NN')","('patrocinador', 'NN')","('ali', 'IN')","('imagina', 'JJ')","('volta', 'NN')","('bmg', 'NN')","('hahaha', 'NN')"
"('teereesitta', 'NN')","('filosofia', 'NN')","('blancabmg', 'NN')"
"('filosofia', 'NN')","('blancabmg', 'NN')"
"('bancarios', 'NNS')","('bmg', 'VBP')","('aprovam', 'JJ')","('acordos', 'NN')","('coletivos', 'NN')","('informacoes', 'NNS')"
"('noite', 'JJ')","('sextafeira', 'NN')","('realizada', 'NN')","('assembleia', 'JJ')","('bancarios', 'NNS')","('banco', 'VBP')","('bmg', 'NN')","('pauta', 'NN')"
"('facil', 'NN')","('cred', 'VBD')","('bmg', 'NN')"
"('mgbmg', 'NN')","('enorme', 'NN')","('aushauhsuahsuah', 'NN')"
"('perdidaney', 'NN')","('mulher', 'NN')","('avatar', 'NN')"
"('lalisabrasil', 'JJ')","('epoca', 'NN')","('boombayah', 'VBD')","('100m', 'CD')","('muitos', 'NNS')","('sones', 'JJ')","('reuniram', 'NN')","('ajudar', 'NN')","('tal', 'JJ')","('retibuirmos', 'NN')","('agora', 'NNS')","('got', 'VBD')","('boy', 'RB')","('200m', 'CD')"
"('aldeniobmg', 'NN')","('justissimo', 'NN')","('kkk', 'NN')"
"('humbertwoo', 'NN')","('sim', 'NN')","('preco', 'NN')","('justo', 'NN')"
"('minseokbr', 'NN')","('fantaken', 'VBN')","('xiumin', 'NNP')","('vogue', 'NNP')","('korea', 'VBD')","('edicao', 'JJ')","('abril', 'NN')","('frosted326', 'NN')","('sweettime306', 'NN')"
"('nandasp7', 'JJ')","('tambem', 'NN')","('nao', 'NN')","('marilia', 'NN')"
"('ziperatlvo', 'NN')","('avril', 'NN')","('lavigne', 'NN')","('deixa', 'NN')","('epic', 'NN')","('records', 'NNS')","('anuncia', 'VBP')","('novo', 'JJ')","('contrato', 'NN')","('gravacao', 'NN')","('bmg', 'NN')"
"('rindo', 'NN')","('mtooo', 'NN')","('kkkkkkkkkkkkk', 'NN')"
"('armysteph', 'NN')","('nao', 'CC')","('basta', 'JJ')","('sofrer', 'NN')","('bts', 'NNS')","('sofrer', 'VBP')","('dancarinos', 'JJ')","('tbm', 'NN')","('welcometobrazilbts', 'NNS')","('btsinbrazil', 'VBP')","('crbmg', 'NN')"
"('armysteph', 'NN')","('nao', 'CC')","('basta', 'JJ')","('sofrer', 'NN')","('bts', 'NNS')","('sofrer', 'VBP')","('dancarinos', 'JJ')","('tbm', 'NN')","('welcometobrazilbts', 'NNS')","('btsinbrazil', 'VBP')","('crbmg', 'NN')"
"('protectjlmln', 'NN')","('vem', 'NN')","('mim', 'NN')","('gatos', 'NN')","('kitty', 'VBD')","('vamos', 'JJ')","('sofrer', 'NN')","('dancarinos', 'NNS')","('bts', 'VBP')","('tambem', 'JJ')","('welcometobrazilbts', 'NNS')","('btsinbrazil', 'VBP')","('crbmg', 'NN')","('htt', 'NN')"
"('xesus', 'NN')","('kkkkkkkkkk', 'NN')"
"('protectjlmln', 'NN')","('vem', 'NN')","('mim', 'NN')","('gatos', 'NN')","('kitty', 'VBD')","('vamos', 'JJ')","('sofrer', 'NN')","('dancarinos', 'NNS')","('bts', 'VBP')","('tambem', 'JJ')","('welcometobrazilbts', 'NNS')","('btsinbrazil', 'VBP')","('crbmg', 'NN')","('htt', 'NN')"
"('provocacoes', 'NNS')","('parte', 'VBP')","('sempre', 'JJ')","('paz', 'NN')","('campos', 'NN')","('futebol', 'NN')","('permaneca', 'NN')","('encerrada', 'VBP')","('rodada', 'NN')","('ruralzao', 'NN')","('bmg', 'NN')"
"('felizzz', 'NN')"
"('adorooooo', 'NN')"
"('gfriexd', 'NN')","('juro', 'NN')","('dia', 'NN')","('show', 'NN')","('snsd', 'JJ')","('nunca', 'JJ')","('reclamo', 'NN')","('vida', 'NN')"
"('jiminacid', 'NN')","('ver', 'NN')","('coisas', 'NN')","('bts', 'NNS')","('deixando', 'VBP')","('mal', 'JJ')","('btsinbrazil', 'NN')","('twtinbrazil', 'NN')"
"('ptn', 'NN')","('neymar', 'NN')"
"('jhopprecious', 'JJ')","('armys', 'NNS')","('cantando', 'VBP')","('fila', 'JJ')","('fazendo', 'NN')","('amizade', 'VBD')","('todo', 'JJ')","('mundo', 'NN')","('feliz', 'NN')","('casa', 'NN')","('yoongi', 'NN')","('twtinbrazil', 'NN')","('btsinbrazil', 'NN')"
"('acjo', 'NN')","('twt', 'NN')","('acontecendo', 'NN')","('barriga', 'NN')","('twtinbrazil', 'NN')"
"('quero', 'NN')","('quero', 'NN')","('mto', 'NN')"
"('quand', 'NN')","('duo', 'NN')","('silvada', 'NN')","('fonseca', 'NN')","('easportsfifa', 'NN')"
"('whybestidols', 'NNS')","('nuest', 'JJS')","('grupo', 'NN')","('cheio', 'NN')","('gente', 'NN')","('maravilhosa', 'FW')","('face', 'NN')","('belo', 'NN')","('hino', 'NN')","('musicas', 'NN')","('coreografias', 'NN')","('incriveis', 'NN')","('membros', 'NNS')","('talentosos', 'VBP')"
"('onlytaeluv', 'JJ')","('fila', 'NN')","('grande', 'NN')","('todo', 'NN')","('mundo', 'NN')","('cantando', 'NN')","('meninos', 'NNS')","('porta', 'VBP')","('meninos', 'NNS')","('telao', 'VBP')","('btsinbrazil', 'NN')"
"('internet', 'NN')","('bem', 'NN')","('boa', 'NN')","('msm', 'NN')"
"('jsaless', 'NN')","('vai', 'NN')","('levar', 'NN')"
"('jsaless', 'NN')","('sei', 'NN')","('piloto', 'NN')","('automatico', 'NN')"
"('musica', 'NN')","('fire', 'NN')","('deixa', 'NN')","('tao', 'NN')","('triste', 'NN')","('musica', 'NN')","('kim', 'NN')","('taeyeon', 'NN')","('tbm', 'NN')"
"('moritzando', 'NN')","('ambos', 'NNS')","('gostaram', 'VBP')","('som', 'JJ')","('meninos', 'NNS')","('entao', 'VBP')","('gravadora', 'JJ')","('sony', 'NN')","('bmg', 'NN')","('fecho', 'JJ')","('contrato', 'NN')","('meninos', 'NNS')","('gravando', 'VBP')","('demo', 'NN')","('chamada', 'NN')"
"('dguaresch', 'NN')","('otimo', 'NN')"
"('pode', 'NN')","('sentar', 'NN')","('deitar', 'NN')","('cama', 'NN')","('levantar', 'NN')","('arruma', 'JJ')","('amor', 'NN')","('deus', 'NN')","('pavor', 'NN')","('cama', 'NN')","('baguncada', 'NN')","('obgd', 'NN')"
"('mgbmg', 'NN')","('sei', 'NN')","('pessoa', 'NN')"
"('ainda', 'NN')","('bem', 'NN')","('dizer', 'NN')","('fazer', 'NN')","('smp', 'JJ')","('ajuda', 'NN')","('bastante', 'NN')","('obgd', 'NN')","('dguaresch', 'NN')"
"('dguaresch', 'NN')","('boa', 'NN')","('ideia', 'NN')"
"('moritzando', 'NN')","('ambos', 'NNS')","('gostaram', 'VBP')","('som', 'JJ')","('meninos', 'NNS')","('entao', 'VBP')","('gravadora', 'JJ')","('sony', 'NN')","('bmg', 'NN')","('fecho', 'JJ')","('contrato', 'NN')","('meninos', 'NNS')","('gravando', 'VBP')","('demo', 'NN')","('chamada', 'NN')"
"('ambos', 'JJ')","('gostaram', 'NN')","('som', 'NN')","('meninos', 'NNS')","('entao', 'VBP')","('gravadora', 'JJ')","('sony', 'NN')","('bmg', 'NN')","('fecho', 'JJ')","('contrato', 'NN')","('meninos', 'NNS')","('gravando', 'VBP')","('demo', 'NN')","('chamada', 'NN')","('devilish', 'NN')"
"('mgbmg', 'NN')","('corta', 'NN')","('passa', 'NN')"
"('jjungbr', 'NN')","('projetoproject', 'NN')","('vamos', 'NN')","('fazer', 'NN')","('desses', 'VBZ')","('dias', 'JJ')","('especiais', 'JJ')","('lets', 'NNS')","('make', 'VBP')","('these', 'DT')","('days', 'NNS')","('special', 'VBD')","('30thingsweloveaboutjessicajung', 'CD')"
"('acho', 'JJ')","('acabei', 'NN')","('ferrar', 'NN')","('pulso', 'NN')"
"('fim', 'NN')","('jogo', 'NN')","('borussia', 'NN')","('fcbayern', 'NN')"
"('borussia', 'NN')","('tenta', 'NN')","('chegar', 'NN')","('frequencia', 'NN')","('frente', 'NN')","('bmgfcb', 'NN')","('bundesliganaespn', 'NN')"
"('raffael', 'NN')","('chuta', 'NN')","('area', 'NN')","('bola', 'NN')","('passa', 'NN')","('perto', 'NN')","('gol', 'NN')","('segue', 'NN')","('bmgfcb', 'NN')","('bundesliganaespn', 'NN')"
"('jogo', 'NN')","('trabalhar', 'NN')","('reservas', 'NN')","('bmg', 'NN')","('nao', 'JJ')","('ameaca', 'NN')","('tabela', 'NN')","('zona', 'NNP')","('classificacao', 'NN')","('carlo', 'NN')","('ancelotti', 'NNS')","('sacanagem', 'NN')"
"('borussia', 'NN')","('pouco', 'NN')","('solto', 'NN')","('partida', 'NN')","('bmgfcb', 'NN')","('bundesliganaespn', 'NN')"
"('julianomiler89', 'NN')","('tempo', 'NN')","('rolando', 'NN')","('espnbrasil', 'VBP')","('mgladbachbr', '$')","('0x0', 'CD')","('fcbayern', 'JJ')","('rogeriovaughan', 'NN')","('gerdwenzel', 'NN')","('bmgfcb', 'NN')","('bundesliga', 'NN')","('bundes', 'NNS')"
"('tempo', 'NN')","('rolando', 'NN')","('espnbrasil', 'VBP')","('mgladbachbr', '$')","('0x0', 'CD')","('fcbayern', 'JJ')","('rogeriovaughan', 'NN')","('gerdwenzel', 'NN')","('bmgfcb', 'NN')","('bundesliga', 'NN')"
"('comeca', 'NN')","('segundo', 'NN')","('tempo', 'NN')","('bmgfcb', 'NN')","('bundesliganaespn', 'NN')"
"('primeiro', 'NN')","('tempo', 'NN')","('esperado', 'NN')","('borussia', 'NN')","('recuado', 'NN')","('bayern', 'JJ')","('dominio', 'NN')","('jogo', 'NN')","('falta', 'NN')","('criacao', 'NN')","('potros', 'NN')","('bmgfcb', 'NN')","('bundesliganaespn', 'NN')"
"('tao', 'NN')","('bebezinha', 'NN')","('tao', 'NN')","('lindinha', 'NN')","('tao', 'NN')","('perfeitinha', 'NN')","('tao', 'NN')","('crescidinha', 'NN')","('amo', 'NN')","('happyjeonyoulday', 'NN')"
"('fim', 'NN')","('primeiro', 'NN')","('tempo', 'NN')","('bmgfcb', 'NN')","('bundesliganaespn', 'NN')"
"('robben', 'NN')","('manda', 'NNS')","('trave', 'VBP')","('rebote', 'JJ')","('sommer', 'NN')","('faz', 'NN')","('defesa', 'NN')","('impressionante', 'NN')","('homem', 'NN')","('hetero', 'NN')","('bmgfcb', 'NN')","('bundesliganaespn', 'NN')"
"('faz', 'NN')","('tanto', 'NN')","('tempo', 'JJ')","('escuto', 'NN')","('no9', 'NN')"
"('fone', 'NN')","('odeia', 'NN')","('tanto', 'NN')"
"('falta', 'NN')","('trabalhar', 'NN')","('bola', 'NN')","('hora', 'NN')","('contra', 'NN')","('ataque', 'NN')","('assim', 'NN')","('dificil', 'NN')","('bmgfcb', 'NN')","('bundesliganaespn', 'NN')"
"('hoseowks', 'NN')","('chora', 'NNS')","('cmg', 'VBP')"
"('wendt', 'NN')","('chuta', 'JJ')","('pro', 'JJ')","('gol', 'FW')","('perigo', 'NN')","('algum', 'NN')","('bmgfcb', 'NN')","('bundesliganaespn', 'NN')"
"('portalstellarbr', 'NN')","('vamos', 'NN')","('comecar', 'NN')","('postar', 'NN')","('alguns', 'VBZ')","('videos', 'JJ')","('fotos', 'NNS')","('gifs', 'VBP')","('curiosidades', 'NNS')","('sobre', 'VBP')","('jeonyul', 'NN')","('comemoracao', 'NN')","('aniversario', 'NN')"
"('jogo', 'NN')","('morno', 'NN')","('bayern', 'JJ')","('ofensivo', 'JJ')","('bmgfcb', 'NN')","('bundesliganaespn', 'NN')"
"('borussia', 'NN')","('bem', 'NN')","('defensivo', 'NN')","('enquanto', 'IN')","('bmgfcb', 'NN')","('bundesliganaespn', 'NN')"
"('consusao', 'JJ')","('area', 'NN')","('quase', 'NN')","('gol', 'NN')","('borussia', 'NN')","('bmgfcb', 'NN')","('bundesliganaespn', 'NN')"
"('bayern', 'JJ')","('comeca', 'NN')","('pressionando', 'NN')","('bmgfcb', 'NN')","('bundesliganaespn', 'NN')"
"('comeca', 'NN')","('jogo', 'NN')","('bmgfcb', 'NN')","('bundesliganaespn', 'NN')"
"('times', 'NNS')","('estao', 'VBP')","('campo', 'JJ')","('partida', 'NN')","('bmgfcb', 'NN')","('bundesliganaespn', 'NN')"
"('agora', 'NNS')","('tela', 'VBP')","('espnbrasil', 'JJ')","('mgladbachbr', 'NN')","('fcbayern', 'JJ')","('rogeriovaughan', 'NN')","('gerdwenzel', 'NN')","('bmgfcb', 'NN')","('bundesliga', 'NN')"
"('borussia', 'NN')","('encontra', 'JJ')","('colocacao', 'NN')","('pontos', 'NN')","('menos', 'NN')","('primeiro', 'NN')","('classifica', 'NN')","('europaleague', 'NN')","('bmgfcb', 'NN')"
"('jiminswear', 'NN')","('parceira', 'NN')"
"('mgbmg', 'NN')","('sim', 'NN')","('senhora', 'NN')"
"('incrivel', 'NN')","('crescendo', 'NN')","('tao', 'NN')","('rapido', 'NN')","('happyjeonyoulday', 'NN')"
"('yeully', 'RB')","('awww', 'JJ')","('parabens', 'NNS')","('pra', 'VBP')","('nenem', 'JJ')","('tao', 'NN')","('linda', 'NN')","('happyjeonyoulday', 'NN')"
"('protectjlmln', 'NN')","('vem', 'NN')","('mim', 'NN')","('gatos', 'NN')","('kitty', 'VBD')","('vamos', 'JJ')","('sofrer', 'NN')","('dancarinos', 'NNS')","('bts', 'VBP')","('tambem', 'JJ')","('welcometobrazilbts', 'NNS')","('btsinbrazil', 'VBP')","('crbmg', 'NN')","('htt', 'NN')"
"('kwxonmina', 'NN')","('feliz', 'NN')","('aniversario', 'NN')","('amor', 'NN')","('voce', 'NN')","('otimo', 'IN')","('dia', 'NN')","('amo', 'NN')","('bebe', 'NN')","('happykeiday', 'NN')","('happy23keiday', 'NN')"
"('julianomiler89', 'NN')","('daqui', 'NN')","('pouco', 'NN')","('camp', 'NN')","('alemao', 'NN')","('mgladbachbr', 'NN')","('fcbayern', 'JJ')","('vivo', 'NN')","('espnbrasil', 'VBD')","('13h30', 'CD')","('bmgfcb', 'NN')","('bmg', 'NN')","('bundesliga', 'NN')","('bun', 'NN')"
"('tudo', 'NN')","('bom', 'NN')"
"('internet', 'NN')","('odeio', 'NN')"
"('amo', 'NN')","('mto', 'NN')"
"('daqui', 'NN')","('pouco', 'NN')","('camp', 'NN')","('alemao', 'NN')","('mgladbachbr', 'NN')","('fcbayern', 'JJ')","('vivo', 'NN')","('espnbrasil', 'VBD')","('13h30', 'CD')","('bmgfcb', 'NN')","('bmg', 'NN')","('bundesliga', 'NN')"
"('problema', 'NN')","('msm', 'NN')","('bmg', 'NN')","('estragar', 'NN')","('todas', 'NNS')","('camisas', 'VBP')"
"('protectjlmln', 'NN')","('vem', 'NN')","('mim', 'NN')","('gatos', 'NN')","('kitty', 'VBD')","('vamos', 'JJ')","('sofrer', 'NN')","('dancarinos', 'NNS')","('bts', 'VBP')","('tambem', 'JJ')","('welcometobrazilbts', 'NNS')","('btsinbrazil', 'VBP')","('crbmg', 'NN')","('htt', 'NN')"
"('protectjlmln', 'NN')","('vem', 'NN')","('mim', 'NN')","('gatos', 'NN')","('kitty', 'VBD')","('vamos', 'JJ')","('sofrer', 'NN')","('dancarinos', 'NNS')","('bts', 'VBP')","('tambem', 'JJ')","('welcometobrazilbts', 'NNS')","('btsinbrazil', 'VBP')","('crbmg', 'NN')","('htt', 'NN')"
"('marcelomelo83', 'NN')","('manha', 'NN')","('saindo', 'NN')","('pegar', 'NN')","('aviao', 'NN')","('proximo', 'NN')","('destino', 'NN')","('miami', 'NN')","('vaaaamos', 'NN')","('centauroesporte', 'NN')","('bmg', 'NN')"
"('vou', 'NN')","('matar', 'NN')","('internet', 'NN')"
"('protectjlmln', 'NN')","('vem', 'NN')","('mim', 'NN')","('gatos', 'NN')","('kitty', 'VBD')","('vamos', 'JJ')","('sofrer', 'NN')","('dancarinos', 'NNS')","('bts', 'VBP')","('tambem', 'JJ')","('welcometobrazilbts', 'NNS')","('btsinbrazil', 'VBP')","('crbmg', 'NN')","('htt', 'NN')"
"('inscricoes', 'NNS')","('bmg', 'VBD')","('digital', 'JJ')","('lab', 'NN')","('sao', 'NN')","('prorrogadas', 'NN')"
"('inscricoes', 'NNS')","('bmg', 'VBD')","('digital', 'JJ')","('lab', 'NN')","('sao', 'NN')","('prorrogadas', 'NN')"
"('marcelomelo83', 'NN')","('manha', 'NN')","('saindo', 'NN')","('pegar', 'NN')","('aviao', 'NN')","('proximo', 'NN')","('destino', 'NN')","('miami', 'NN')","('vaaaamos', 'NN')","('centauroesporte', 'NN')","('bmg', 'NN')","('itambe', 'NN')","('cbt', 'NN')","('atp', 'NN')"
"('marcelomelo83', 'NN')","('manha', 'NN')","('saindo', 'NN')","('pegar', 'NN')","('aviao', 'NN')","('proximo', 'NN')","('destino', 'NN')","('miami', 'NN')","('vaaaamos', 'NN')","('centauroesporte', 'NN')","('bmg', 'NN')"
"('hoje', 'NN')","('futebol', 'NN')"
"('withsnsd', 'NN')","('bom', 'NN')","('dia', 'NN')","('escutou', 'NN')","('fine', 'JJ')","('hoje', 'NN')"
"('armysteph', 'NN')","('nao', 'CC')","('basta', 'JJ')","('sofrer', 'NN')","('bts', 'NNS')","('sofrer', 'VBP')","('dancarinos', 'JJ')","('tbm', 'NN')","('welcometobrazilbts', 'NNS')","('btsinbrazil', 'VBP')","('crbmg', 'NN')"
"('manha', 'NN')","('saindo', 'NN')","('pegar', 'NN')","('aviao', 'NN')","('proximo', 'NN')","('destino', 'NN')","('miami', 'NN')","('vaaaamos', 'NN')","('centauroesporte', 'NN')","('bmg', 'NN')","('itambe', 'NN')","('cbt', 'NN')","('atp', 'NN')"
"('manha', 'NN')","('saindo', 'NN')","('pegar', 'NN')","('aviao', 'NN')","('proximo', 'NN')","('destino', 'NN')","('miami', 'NN')","('vaaaamos', 'NN')","('centauroesporte', 'NN')","('bmg', 'NN')"
"('pistola', 'NN')"
"('manooo', 'NN')","('ceu', 'NN')","('vontade', 'NN')","('matar', 'NN')"
"('queima', 'NN')","('tudo', 'NN')"
"('queima', 'NN')"
"('mando', 'NN')","('queimar', 'NN')"
"('derrotada', 'NN')"
"('acabada', 'NN')"
"('protectjlmln', 'NN')","('vem', 'NN')","('mim', 'NN')","('gatos', 'NN')","('kitty', 'VBD')","('vamos', 'JJ')","('sofrer', 'NN')","('dancarinos', 'NNS')","('bts', 'VBP')","('tambem', 'JJ')","('welcometobrazilbts', 'NNS')","('btsinbrazil', 'VBP')","('crbmg', 'NN')","('htt', 'NN')"
"('minseokanalha', 'NN')","('frases', 'NNS')","('sempre', 'VBP')","('levo', 'JJ')","('comigo', 'NN')","('amo', 'NN')","('exo', 'NN')","('amo', 'NN')","('exo', 'NN')","('exo', 'NN')","('amo', 'NN')","('amo', 'NN')","('exo', 'NN')","('exo', 'NN')","('love', 'VBP')","('saranghae', 'NN')","('exo', 'NN')","('exo', 'NN')","('amo', 'NN')"
"('protectjlmln', 'NN')","('vem', 'NN')","('mim', 'NN')","('gatos', 'NN')","('kitty', 'VBD')","('vamos', 'JJ')","('sofrer', 'NN')","('dancarinos', 'NNS')","('bts', 'VBP')","('tambem', 'JJ')","('welcometobrazilbts', 'NNS')","('btsinbrazil', 'VBP')","('crbmg', 'NN')","('htt', 'NN')"
"('softgirlsday', 'JJ')","('deve', 'VBP')","('ser', 'NN')","('bem', 'NN')","('cachaceira', 'NN')","('lkkkkkk', 'NN')"
"('protectjlmln', 'NN')","('vem', 'NN')","('mim', 'NN')","('gatos', 'NN')","('kitty', 'VBD')","('vamos', 'JJ')","('sofrer', 'NN')","('dancarinos', 'NNS')","('bts', 'VBP')","('tambem', 'JJ')","('welcometobrazilbts', 'NNS')","('btsinbrazil', 'VBP')","('crbmg', 'NN')","('htt', 'NN')"
"('protectjlmln', 'NN')","('vem', 'NN')","('mim', 'NN')","('gatos', 'NN')","('kitty', 'VBD')","('vamos', 'JJ')","('sofrer', 'NN')","('dancarinos', 'NNS')","('bts', 'VBP')","('tambem', 'JJ')","('welcometobrazilbts', 'NNS')","('btsinbrazil', 'VBP')","('crbmg', 'NN')","('htt', 'NN')"
"('wtfbangtanmeme', 'NN')","('ditado', 'NN')","('deus', 'NN')","('perdoa', 'NN')","('army', 'NN')","('nao', 'NN')","('b4ngt4n', 'NN')","('mi1ll', 'NN')","('gr4uul', 'NN')","('bmg', 'NN')"
"('protectjlmln', 'NN')","('vem', 'NN')","('mim', 'NN')","('gatos', 'NN')","('kitty', 'VBD')","('vamos', 'JJ')","('sofrer', 'NN')","('dancarinos', 'NNS')","('bts', 'VBP')","('tambem', 'JJ')","('welcometobrazilbts', 'NNS')","('btsinbrazil', 'VBP')","('crbmg', 'NN')","('htt', 'NN')"
"('protectjlmln', 'NN')","('vem', 'NN')","('mim', 'NN')","('gatos', 'NN')","('kitty', 'VBD')","('vamos', 'JJ')","('sofrer', 'NN')","('dancarinos', 'NNS')","('bts', 'VBP')","('tambem', 'JJ')","('welcometobrazilbts', 'NNS')","('btsinbrazil', 'VBP')","('crbmg', 'NN')","('htt', 'NN')"
"('protectjlmln', 'NN')","('vem', 'NN')","('mim', 'NN')","('gatos', 'NN')","('kitty', 'VBD')","('vamos', 'JJ')","('sofrer', 'NN')","('dancarinos', 'NNS')","('bts', 'VBP')","('tambem', 'JJ')","('welcometobrazilbts', 'NNS')","('btsinbrazil', 'VBP')","('crbmg', 'NN')","('htt', 'NN')"
"('protectjlmln', 'NN')","('vem', 'NN')","('mim', 'NN')","('gatos', 'NN')","('kitty', 'VBD')","('vamos', 'JJ')","('sofrer', 'NN')","('dancarinos', 'NNS')","('bts', 'VBP')","('tambem', 'JJ')","('welcometobrazilbts', 'NNS')","('btsinbrazil', 'VBP')","('crbmg', 'NN')","('htt', 'NN')"
"('sera', 'NN')","('tiffany', 'NN')","('fazendo', 'NN')","('nesse', 'NN')","('momento', 'NN')"
"('aaaaff', 'NN')","('quero', 'NN')","('lembrar', 'NN')","('fazer', 'NN')"
"('esqueco', 'JJ')","('coisas', 'NN')","('tao', 'NN')","('rapido', 'NN')"
"('protectjlmln', 'NN')","('vem', 'NN')","('mim', 'NN')","('gatos', 'NN')","('kitty', 'VBD')","('vamos', 'JJ')","('sofrer', 'NN')","('dancarinos', 'NNS')","('bts', 'VBP')","('tambem', 'JJ')","('welcometobrazilbts', 'NNS')","('btsinbrazil', 'VBP')","('crbmg', 'NN')","('htt', 'NN')"
"('quero', 'NN')","('maca', 'NN')","('verde', 'NN')"
"('penso', 'NN')","('coisas', 'NN')","('legais', 'NN')","('situacoes', 'NNS')","('pouco', 'VBP')","('sei', 'NN')"
